"Reference","Qty","Value","DNP","Exclude from BOM","Exclude from Board","Footprint","Datasheet"
"BZ1","1","Buzzer","","","","Buzzer_Beeper:Buzzer_12x9.5RM7.6",""
"C1,C2,C16,C17,C20,C21,C22,C24,C25,C26","10","C","","","","Capacitor_SMD:C_0805_2012Metric",""
"C3,C4,C28,C29","4","470p","","","","Capacitor_SMD:C_0805_2012Metric",""
"C5,C30","2","2.7n","","","","Capacitor_SMD:C_0805_2012Metric",""
"C6,C9,C47,C49","4","1u","","","","Capacitor_SMD:C_0805_2012Metric",""
"C7,C8,C46,C48","4",".1u","","","","Capacitor_SMD:C_0805_2012Metric",""
"C10,C27,C34,C35,C36,C37,C38,C39,C40,C41,C42,C43,C45,C50,C51","15","100n","","","","Capacitor_SMD:C_0805_2012Metric",""
"C11,C13,C31","3","100p","","","","Capacitor_SMD:C_0805_2012Metric",""
"C12","1","220p","","","","Capacitor_SMD:C_0805_2012Metric",""
"C14,C15","2","33p","","","","Capacitor_SMD:C_0805_2012Metric",""
"C18,C19,C23,C44","4","47u","","","","Capacitor_SMD:CP_Elec_5x5.9",""
"C33","1","10u","","","","Capacitor_SMD:C_0805_2012Metric",""
"D3,D4,D5","3","D_Schottky","","","","Diode_SMD:Nexperia_CFP3_SOD-123W",""
"D6","1","D_Schottky","","","","Diode_SMD:D_0805_2012Metric",""
"D8,D9,D10,D11","4","ESD7205","","","","Package_TO_SOT_SMD:SOT-323_SC-70",""
"F1,F2,F3,F4","4","1206L012WR","","","","Fuse:Fuse_1206_3216Metric",""
"J1,J2,J3,J4","4","Conn_Coaxial","","","","Connector_Coaxial:BNC_Amphenol_B6252HB-NPP3G-50_Horizontal",""
"J5","1","Conn_01x06_Pin","","","","Connector_PinHeader_2.54mm:PinHeader_1x06_P2.54mm_Vertical",""
"J6","1","Screw_Terminal_01x02","","","","TerminalBlock_Phoenix:TerminalBlock_Phoenix_MKDS-1,5-2-5.08_1x02_P5.08mm_Horizontal",""
"J7","1","Barrel_Jack_Switch","","","","Connector_BarrelJack:BarrelJack_GCT_DCJ200-10-A_Horizontal",""
"J8","1","Conn_01x09_Pin","","","","Connector_PinHeader_2.54mm:PinHeader_1x09_P2.54mm_Vertical",""
"J9","1","Conn_01x14_Pin","","","","Connector_PinHeader_2.54mm:PinHeader_1x14_P2.54mm_Vertical",""
"J10","1","Conn_01x02_Pin","","","","Connector_PinHeader_2.54mm:PinHeader_1x02_P2.54mm_Vertical",""
"JP1","1","Jumper_2_Open","","","","Connector_PinHeader_2.54mm:PinHeader_1x02_P2.54mm_Vertical",""
"Q1,Q2","2","DMG1012UWQ-7","","","","Package_TO_SOT_SMD:SOT-323_SC-70",""
"R1,R8,R21,R24,R44,R48","6","8.2k","","","","Resistor_SMD:R_0805_2012Metric",""
"R2,R7,R45,R49","4","1.6k","","","","Resistor_SMD:R_0805_2012Metric",""
"R3,R6,R46,R50","4","300","","","","Resistor_SMD:R_0805_2012Metric",""
"R4,R5,R31,R35,R47,R51,R60,R63,R64","9","100","","","","Resistor_SMD:R_0805_2012Metric",""
"R9,R10,R17,R41","4","1M","","","","Resistor_SMD:R_0805_2012Metric",""
"R13,R14,R15,R30,R34,R36,R42,R52,R53,R54,R55","11","1k","","","","Resistor_SMD:R_0805_2012Metric",""
"R16,R18,R56,R57","4","22","","","","Resistor_SMD:R_0805_2012Metric",""
"R19,R20","2","5.1k","","","","Resistor_SMD:R_0805_2012Metric",""
"R22,R23,R29,R37,R43,R58,R59,R61,R62,R65","10","10k","","","","Resistor_SMD:R_0805_2012Metric",""
"R25,R26","2","3.3k","","","","Resistor_SMD:R_0805_2012Metric",""
"R27,R32,R33,R39,R40","5","R_US","","","","Resistor_SMD:R_0805_2012Metric",""
"R28,R38","2","100k","","","","Resistor_SMD:R_0805_2012Metric",""
"R66","1","0","","","","Resistor_SMD:R_0805_2012Metric",""
"SW1","1","SW_SPST","","","","Connector_PinHeader_2.54mm:PinHeader_1x02_P2.54mm_Vertical",""
"TP1,TP2,TP3,TP4,TP5,TP6,TP7,TP8,TP9,TP10,TP11,TP12,TP13,TP14,TP15,TP16","16","TestPoint","","","","Others:testpoint_0805",""
"U1,U13","2","OPA2365AIDR","","","","Package_SO:SOIC-8_3.9x4.9mm_P1.27mm",""
"U2,U15","2","THS4561IDGKR","","","","Package_SO:TSSOP-8_3x3mm_P0.65mm","https://www.ti.com/lit/ds/symlink/ths4561.pdf?HQS=dis-dk-null-digikeymode-dsf-pf-null-wwe&ts=1774136984154"
"U3","1","CS4272","","","","Package_SO:TSSOP-28_4.4x9.7mm_P0.65mm","https://statics.cirrus.com/pubs/proDatasheet/CS4272_F1.pdf"
"U4,U14","2","DG4052EEQ","","","","Package_SO:TSSOP-16_4.4x5mm_P0.65mm",""
"U5","1","Teensy4.1_mainpins","","","","Teensy:Teensy41_mainpins",""
"U6","1","MCP9800Ax-xOT","","","","Package_TO_SOT_SMD:SOT-23-5","https://ww1.microchip.com/downloads/aemDocuments/documents/OTH/ProductDocuments/DataSheets/21909d.pdf"
"U7,U16","2","TLV9161IDBVR","","","","Package_TO_SOT_SMD:SOT-23-5",""
"U9,U12","2","DG2034EDQ","","","","Others:MSOP-10_largecorner",""
"U10,U11","2","MC7805","","","","Package_TO_SOT_SMD:TO-252-2","http://www.st.com/content/ccc/resource/technical/document/datasheet/41/4f/b3/b0/12/d4/47/88/CD00000444.pdf/files/CD00000444.pdf/jcr:content/translations/en.CD00000444.pdf"
"U17","1","TLV9162IDR","","","","Package_SO:SOIC-8_3.9x4.9mm_P1.27mm",""
"Y1","1","Crystal","","","","Crystal:Crystal_SMD_ECS_CSM3X-2Pin_7.6x4.1mm",""
